frame,removed_index,removed_x,removed_y,cumulative_loo_folds,total_loo_folds,mean_jackknife_uncertainty,max_jackknife_uncertainty,recommended_x,recommended_y
0,,,,0,12,0.0,0.0,,
1,0,-0.98,-0.85,1,12,0.0,0.0,,
2,1,0.96,-0.2,2,12,0.004845723533405433,0.039392703749624156,,
3,2,-0.15,0.97,3,12,0.015825032833829925,0.11477471061379613,,
4,3,-0.65,-0.45,4,12,0.01897831083180766,0.1294481656213372,,
5,4,-0.35,-0.1,5,12,0.020768504704434906,0.13844733423484212,,
6,5,0.05,-0.5,6,12,0.021974272947233427,0.1441393514381885,,
7,6,0.4,-0.42,7,12,0.02356159997527004,0.14822658740063677,,
8,7,0.65,0.05,8,12,0.03386927743737013,0.15118157876439633,,
9,8,-0.6,0.35,9,12,0.03457244195146512,0.1533078059757617,,
10,9,-0.15,0.45,10,12,0.0399700715765142,0.1546453080633067,,
11,10,0.3,0.55,11,12,0.061235437232059244,0.15580738710943676,,
12,11,0.55,0.4,12,12,0.09214828422337609,0.15850769772109854,,
13,11,0.55,0.4,12,12,0.09214828422337609,0.15850769772109854,-1.0,1.0
