n_points,mean_krisp_uncertainty,max_krisp_uncertainty,next_x,next_y,r2
5,0.1442528989039435,0.7179887169940989,-0.85,0.0,0.4088030980081572
6,0.14610844153872066,0.3391220466857508,0.8025337310883438,-0.013506097906523063,0.8923208875525178
7,0.08586486587254155,0.21188034490817662,-0.3389821091885414,-0.44786458807966684,0.8985468807070656
8,0.1114150907962351,0.22809128363347933,-0.4885304339718946,-0.07787337371099183,0.8835793430337447
9,0.07133876635976073,0.15584843266778783,-0.5180246235631637,-0.6676387177997056,0.9375973969254598
10,0.059888004128593006,0.14172399010209785,-0.03152364391568782,0.8525647561532746,0.9442869335520535
11,0.05437882531386288,0.16505700897525052,0.21376251201085344,-0.7661352657772948,0.9648512878378038
12,0.036361182213615485,0.09288064686794577,-0.8669861475819097,-0.41713634075308603,0.9691458919959279
13,0.04348766295955682,0.10645579918668363,-0.84303238543325,-0.6614949741070306,0.9723463632850566
14,0.04234203230771738,0.1207267700192885,-0.8012584709316841,0.6265272161689976,0.9738466524358579
15,0.037486443749195304,0.12312605485120914,-0.9,-0.55,0.9853301218737373
16,0.034182913117320954,0.09343005125971422,0.003867578795742182,0.3715499081269769,0.9858627234545606
17,0.03217448710461964,0.08519790090006776,-0.8,0.75,0.9845764486327112
18,0.028991305700031132,0.0658030775081847,0.32164776076508433,-0.09670147620517215,0.9844671745808041
19,0.03367270878539112,0.08459096923114984,0.5017551207604138,-0.5028350806880892,0.986348954037056
20,0.03126496982747978,0.08501099675585716,0.5468025322820006,0.3756204435428894,0.9858191999872917
21,0.04533431684920632,0.1534196263804759,0.6538660998755895,0.6367710212141051,0.9958914792775444
22,0.037498441641033026,0.17201078839836612,0.6499939446580841,-0.6997225103152358,0.9940271247588606
23,0.03129376089242591,0.17151737131472666,0.7376328408678011,0.7637190550834352,0.9948240974050168
24,0.029515928521566537,0.2114269163227182,0.55,0.25,0.9969230789059514
25,0.025834177351574818,0.17757267832463827,,,0.9969092149595611
